,accuracy,DP-diff,DP-ratio
0,1.0,0.19451574596420296,0.3596552625800337
