,accuracy,DP-diff,DP-ratio
0,1.0,0.13104024934411654,0.4796920879158211
