,accuracy,DP-diff,DP-ratio
0,1.0,0.1276870693254753,0.7338609247865511
