,accuracy,DP-diff,DP-ratio
0,1.0,0.1400458233411881,0.7324711634788743
