,accuracy,DP-diff,DP-ratio
0,1.0,0.12854990969960323,0.8212484098784929
