,accuracy,DP-diff,DP-ratio
0,1.0,0.07480130902290782,0.8965673282047968
