,accuracy,DP-diff,DP-ratio
0,1.0,0.033909465375304954,0.8596882268076487
