,accuracy,DP-diff,DP-ratio
0,1.0,0.3420716112531969,0.4326617179215271
